{"cameraMode":{"drawMode":0,"name":"Shaded","section":"Shading Mode"},"sceneLighting":false,"audioPlay":false,"sceneViewState":{"m_AlwaysRefresh":false,"showFog":true,"showSkybox":false,"showFlares":true,"showImageEffects":true,"showParticleSystems":true,"showVisualEffectGraphs":true,"m_FxEnabled":true},"in2DMode":false,"pivot":{"x":-22.182703018188478,"y":1.0643386840820313,"z":-2.643784523010254},"rotation":{"x":-0.42955124378204348,"y":-0.0335795097053051,"z":0.016038672998547555,"w":-0.9023105502128601},"size":0.8660253882408142,"orthographic":false}